rthema,count
Zivilverfahrensrecht,20270
Berufsrecht Rechtsanwälte,7867
SchuldrechtAT,7299
Schadensersatz,7297
Handelsrecht Gesellschaftsrecht,5288
Insolvenzrecht,4489
Bankrecht Kreditrecht,4198
BGBAT,4179
Familienrecht,3109
Urheberrecht Markenrecht Patentrecht,2487
Strafrecht,2278
Wettbewerbsrecht Kartellrecht,2153
Miete Pacht,2032
Sachenrecht,1877
Öffentliches Recht,1762
Versicherungsrecht,1722
Kauf Tausch Leasing,1582
Erbschaft Schenkung,1558
EDV-Recht,1393
Schuldverhältnisse,1385
ELWI-FAMR,1270
Steuerstrafrecht,1263
Werkvertrag,1245
Neue Bundesländer,1127
Erbschaftsteuer,1106
Berufsrecht Steuerberater,1015
EU-Recht,905
Arbeitsrecht,859
Rechnungslegung,698
Verfahrensrecht/Abgabenordnung,643
Wohnungseigentum,616
Sozialrecht,577
Sozialversicherungsrecht,539
Landwirtschaftsrecht,461
Einkommensteuer/Lohnsteuer/Kirchensteuer,426
Sonstiges Recht,408
Umsatzsteuer,338
Reisevertrag,257
Wirtschaftsprüfung,245
Lohnsteuer,213
Sonstiges Steuerrecht,122
Info,108
ELWI-STAP,103
Körperschaftsteuer,77
Ausländisches Recht,75
ELWI-Lohn,72
Zollrecht,39
Gewerbesteuer,38
Steuerliche Betriebsprüfung,34
Verbrauchsteuern,27
"Berufsrecht
Rechtsanwälte",19
Grunderwerbsteuer,17
Bewertung,16
Yellowmap,15
LEXPUB,15
Außensteuerrecht,13
Steuerliche Förderungsgesetze,12
"Öffentliches Recht",11
Ausländisches Steuerrecht,9
Grundsteuer,8
ELWI-REWE,8
Doppelbesteuerungsabkommen,7
"Kauf Tausch Leasing",6
"Handelsrecht
Gesellschaftsrecht",5
"Bankrecht Kreditrecht",4
"Urheberrecht
Markenrecht Patentrecht",3
Rechtliche Informationen,2
"Wettbewerbsrecht
Kartellrecht",2
Berufsrecht,2
Verkehrsteuern,2
Kfz-Steuer,2
Internet,1
"Miete Pacht",1
EU-indirekte Steuern,1
EU-Allgemeine/übergreifende Themen,1
"Ausländisches Recht",1
"Berufsrecht Steuerberater",1
Steuerrechtliche Informationen,1
